"0","isa_page_in_r |> rvest::html_elements(""#sc_sccoursedescs > div > p.courseblocktitle > strong"") |>
  rvest::html_text2()
"
"1"," [1]"
"1"," ""ISA 125. Introduction to Business Statistics. (3)""                                   "
"1","
"
"1"," [2]"
"1"," ""ISA 177. Independent Studies. (0-6; maximum 10)""                                     "
"1","
"
"1"," [3]"
"1"," ""ISA 211. Information Technology and Data Driven Decision Making in Business. (3)""    "
"1","
"
"1"," [4]"
"1"," ""ISA 225. Principles of Business Analytics. (3)""                                      "
"1","
"
"1"," [5]"
"1"," ""ISA 235. Information Technology and the Intelligent Enterprise. (3)""                 "
"1","
"
"1"," [6]"
"1"," ""ISA 241. Database for Analytics. (1.5)""                                              "
"1","
"
"1"," [7]"
"1"," ""ISA 242. Programming for Analytics. (1.5)""                                           "
"1","
"
"1"," [8]"
"1"," ""ISA 250. Basic Math for Analytics. (3)""                                              "
"1","
"
"1"," [9]"
"1"," ""ISA 277. Independent Studies. (0-6; maximum 10)""                                     "
"1","
"
"1","[10]"
"1"," ""ISA 301. Business Data Communications and Security. (3)""                             "
"1","
"
"1","[11]"
"1"," ""ISA 303. Enterprise Systems. (3)""                                                    "
"1","
"
"1","[12]"
"1"," ""ISA 305. Information Technology Governance, Risk Management, Security and Audit. (3)"""
"1","
"
"1","[13]"
"1"," ""ISA 321. Optimization in Business Analytics. (3)""                                    "
"1","
"
"1","[14]"
"1"," ""ISA 333. Nonparametric Statistics. (3)""                                              "
"1","
"
"1","[15]"
"1"," ""ISA 335. Blockchain and Business Applications. (3)""                                  "
"1","
"
"1","[16]"
"1"," ""ISA 336. Generative AI in Business. (3)""                                             "
"1","
"
"1","[17]"
"1"," ""ISA 340. Internship. (0-20)""                                                         "
"1","
"
"1","[18]"
"1"," ""ISA 345. Database Systems and Data Warehousing. (3)""                                 "
"1","
"
"1","[19]"
"1"," ""ISA 365. Statistical Monitoring and Design of Experiments. (3)""                      "
"1","
"
"1","[20]"
"1"," ""ISA 377. Independent Studies. (0-6; maximum 10)""                                     "
"1","
"
"1","[21]"
"1"," ""ISA 381. Concepts in Business Programming. (3)""                                      "
"1","
"
"1","[22]"
"1"," ""ISA 387. Designing Business Systems. (3)""                                            "
"1","
"
"1","[23]"
"1"," ""ISA 391. Applied Regression Analysis in Business. (3)""                               "
"1","
"
"1","[24]"
"1"," ""ISA 401/ISA 501. Business Intelligence and Data Visualization. (3)""                  "
"1","
"
"1","[25]"
"1"," ""ISA 403. Building Web and Mobile Business Applications. (3)""                         "
"1","
"
"1","[26]"
"1"," ""ISA 405. Information Security. (3)""                                                  "
"1","
"
"1","[27]"
"1"," ""ISA 406. IT Project Management. (3)""                                                 "
"1","
"
"1","[28]"
"1"," ""ISA 414/ISA 514. Managing Big Data. (3)""                                             "
"1","
"
"1","[29]"
"1"," ""ISA 419. Data Driven Security. (3)""                                                  "
"1","
"
"1","[30]"
"1"," ""ISA 424. Data Infrastructure for the Enterprise. (3)""                                "
"1","
"
"1","[31]"
"1"," ""ISA 444/ISA 544. Business Forecasting. (3)""                                          "
"1","
"
"1","[32]"
"1"," ""ISA 477. Independent Studies. (0-6)""                                                 "
"1","
"
"1","[33]"
"1"," ""ISA 480. Topics in Business Analytics. (1-3; maximum 3)""                             "
"1","
"
"1","[34]"
"1"," ""ISA 481. Topics in Information Systems. (3-4; maximum 3)""                            "
"1","
"
"1","[35]"
"1"," ""ISA 491/ISA 591. Introduction to Data Mining in Business. (3)""                       "
"1","
"
"1","[36]"
"1"," ""ISA 495. Managing the Intelligent Enterprise. (3)""                                   "
"1","
"
"1","[37]"
"1"," ""ISA 496. Business Analytics Practicum. (3)""                                          "
"1","
"
"1","[38]"
"1"," ""ISA 612. Advanced Business Intelligence. (3)""                                        "
"1","
"
"1","[39]"
"1"," ""ISA 616. Communicating with Data. (3)""                                               "
"1","
"
"1","[40]"
"1"," ""ISA 621. Enabling Technology Topics I. (3)""                                          "
"1","
"
"1","[41]"
"1"," ""ISA 628. Information Technology and Analytic's Role in the Enterprise. (1.5)""        "
"1","
"
"1","[42]"
"1"," ""ISA 629. Leveraging IT and Data Across the Business. (1.5)""                          "
"1","
"
"1","[43]"
"1"," ""ISA 630. Machine Learning Applications in Business. (3)""                             "
"1","
"
"1","[44]"
"1"," ""ISA 632. Big Data Analytics and Modern AI. (3)""                                      "
"1","
"
"1","[45]"
"1"," ""ISA 633. Experimental Design and Causal Methods. (3)""                                "
"1","
"
"1","[46]"
"1"," ""ISA 634. Systems Modeling and Optimization. (3)""                                     "
"1","
"
"1","[47]"
"1"," ""ISA 641. Data Discovery Through Business Analytics for Managers. (2)""                "
"1","
"
"1","[48]"
"1"," ""ISA 645. Business Analytics for the Executive. (3)""                                  "
"1","
"
"1","[49]"
"1"," ""ISA 650. Business Analytics Practicum. (3-6; maximum 6)""                             "
"1","
"
"1","[50]"
"1"," ""ISA 677. Independent Studies. (0-6; maximum 10)""                                     "
"1","
"
